Time [s],Current [A],Voltage [V],Temperature [degC],Cycle,Step,Capacity [A.h]
0.0,5.0,4.08016396985287,25.0,0.0,0.0,0.0
6.0,5.0,4.056952394455979,25.082890539214475,0.0,0.0,0.008333333333333333
12.0,5.0,4.041338685580397,25.16419057068964,0.0,0.0,0.016666666666666666
18.0,5.0,4.030169194582946,25.244212061105202,0.0,0.0,0.025
24.0,5.0,4.021745027936873,25.323071341172863,0.0,0.0,0.03333333333333333
30.0,5.0,4.015172944221534,25.400839612649406,0.0,0.0,0.041666666666666664
36.0,5.0,4.009937386635147,25.47756712374047,0.0,0.0,0.049999999999999996
42.0,5.0,4.005720854864721,25.55329196561388,0.0,0.0,0.05833333333333333
48.0,5.0,4.002305810668369,25.62804562884861,0.0,0.0,0.06666666666666667
54.0,5.0,3.9995337351237708,25.70185499854813,0.0,0.0,0.075
60.0,5.0,3.997285378181645,25.774743478631194,0.0,0.0,0.08333333333333333
66.0,5.0,3.995467758780288,25.84673180397965,0.0,0.0,0.09166666666666666
72.0,5.0,3.9940057057670644,25.917838681128842,0.0,0.0,0.09999999999999999
78.0,5.0,3.9928366638544444,25.988081320749473,0.0,0.0,0.10833333333333332
84.0,5.0,3.991907624413817,26.05747581941472,0.0,0.0,0.11666666666666665
90.0,5.0,3.9911736323775746,26.126037215827296,0.0,0.0,0.12499999999999999
96.0,5.0,3.9905962669106176,26.19377962556956,0.0,0.0,0.13333333333333333
102.0,5.0,3.990142378863365,26.260716422950054,0.0,0.0,0.14166666666666666
108.0,5.0,3.9897832243601083,26.3268603626654,0.0,0.0,0.15
114.0,5.0,3.989493933628472,26.392223527470378,0.0,0.0,0.15833333333333333
120.0,5.0,3.9892528588025793,26.456817537050426,0.0,0.0,0.16666666666666666
126.0,5.0,3.9890412289476873,26.5206535887898,0.0,0.0,0.175
132.0,5.0,3.988842847507016,26.5837423984957,0.0,0.0,0.18333333333333332
138.0,5.0,3.9886436901527635,26.646094513076605,0.0,0.0,0.19166666666666665
144.0,5.0,3.9884318184205565,26.707719976070052,0.0,0.0,0.19999999999999998
150.0,5.0,3.9881970276411858,26.768628692201958,0.0,0.0,0.20833333333333331
156.0,5.0,3.9879307469356102,26.828830194965064,0.0,0.0,0.21666666666666665
162.0,5.0,3.9876258249269747,26.88833381812367,0.0,0.0,0.22499999999999998
168.0,5.0,3.987276370884901,26.947148689386438,0.0,0.0,0.2333333333333333
174.0,5.0,3.9868776561053023,27.005283674139378,0.0,0.0,0.24166666666666664
180.0,5.0,3.986426039855176,27.062747319851724,0.0,0.0,0.24999999999999997
186.0,5.0,3.98591858379304,27.119548331036015,0.0,0.0,0.2583333333333333
192.0,5.0,3.985353391911065,27.17569482610145,0.0,0.0,0.26666666666666666
198.0,5.0,3.9847292254570923,27.231194875080917,0.0,0.0,0.275
204.0,5.0,3.984045269810849,27.28605666386261,0.0,0.0,0.2833333333333334
210.0,5.0,3.983301516827818,27.340287849269032,0.0,0.0,0.29166666666666674
216.0,5.0,3.9824982724093485,27.393896198923244,0.0,0.0,0.3000000000000001
222.0,5.0,3.981636164582405,27.446889445291788,0.0,0.0,0.30833333333333346
228.0,5.0,3.980716368818898,27.49927490153965,0.0,0.0,0.3166666666666668
234.0,5.0,3.9797403449850206,27.5510597972833,0.0,0.0,0.3250000000000002
240.0,5.0,3.978709831709113,27.602251227003762,0.0,0.0,0.33333333333333354
246.0,5.0,3.9776262671647604,27.652856782297874,0.0,0.0,0.3416666666666669
252.0,5.0,3.9764919326499997,27.702883107070022,0.0,0.0,0.35000000000000026
258.0,5.0,3.975309080005207,27.752336972474836,0.0,0.0,0.3583333333333336
264.0,5.0,3.974080132013035,27.80122499570456,0.0,0.0,0.366666666666667
270.0,5.0,3.972807170495232,27.849554100306477,0.0,0.0,0.37500000000000033
276.0,5.0,3.971492506058993,27.897330917633838,0.0,0.0,0.3833333333333337
282.0,5.0,3.9701387538572845,27.944561737454308,0.0,0.0,0.39166666666666705
288.0,5.0,3.9687484077801587,27.991252890416717,0.0,0.0,0.4000000000000004
294.0,5.0,3.9673239106092506,28.037410663382957,0.0,0.0,0.40833333333333377
300.0,5.0,3.965867459447724,28.08304145199753,0.0,0.0,0.41666666666666713
306.0,5.0,3.964381517784511,28.128151296494877,0.0,0.0,0.4250000000000005
312.0,5.0,3.96286837172497,28.172746273537655,0.0,0.0,0.43333333333333385
318.0,5.0,3.961330230956411,28.21683239645904,0.0,0.0,0.4416666666666672
324.0,5.0,3.9597694212218686,28.26041546844226,0.0,0.0,0.45000000000000057
330.0,5.0,3.9581880317394655,28.303501347809288,0.0,0.0,0.4583333333333339
336.0,5.0,3.956588066275684,28.346095827626584,0.0,0.0,0.4666666666666673
342.0,5.0,3.954971467067212,28.38820461782825,0.0,0.0,0.47500000000000064
348.0,5.0,3.9533401756026283,28.429833293965828,0.0,0.0,0.483333333333334
354.0,5.0,3.951696158954025,28.470987279917892,0.0,0.0,0.49166666666666736
360.0,5.0,3.9500410990760906,28.511672096993436,0.0,0.0,0.5000000000000007
366.0,5.0,3.948376687403555,28.55189312650168,0.0,0.0,0.508333333333334
372.0,5.0,3.946704541747137,28.59165567885742,0.0,0.0,0.5166666666666673
378.0,5.0,3.9450261814773295,28.630964987540835,0.0,0.0,0.5250000000000006
384.0,5.0,3.9433430808982486,28.669826224033443,0.0,0.0,0.5333333333333339
390.0,5.0,3.941656633503378,28.708244488585706,0.0,0.0,0.5416666666666672
396.0,5.0,3.939968162142291,28.746224813378433,0.0,0.0,0.5500000000000005
402.0,5.0,3.9382788616253372,28.783772205947116,0.0,0.0,0.5583333333333338
408.0,5.0,3.9365898477076677,28.820891615888684,0.0,0.0,0.5666666666666671
414.0,5.0,3.9349022241729568,28.85758788958168,0.0,0.0,0.5750000000000004
420.0,5.0,3.9332169914830906,28.893865837914518,0.0,0.0,0.5833333333333337
426.0,5.0,3.9315350797106174,28.929730216400287,0.0,0.0,0.591666666666667
432.0,5.0,3.929857367888148,28.965185723795287,0.0,0.0,0.6000000000000003
438.0,5.0,3.9281846419061908,29.00023701089208,0.0,0.0,0.6083333333333336
444.0,5.0,3.9265176299051796,29.034888676495996,0.0,0.0,0.6166666666666669
450.0,5.0,3.9248569950844234,29.069145270457284,0.0,0.0,0.6250000000000002
456.0,5.0,3.9232034799669546,29.103011179624275,0.0,0.0,0.6333333333333335
462.0,5.0,3.921557668967356,29.136490822491396,0.0,0.0,0.6416666666666668
468.0,5.0,3.919920042222627,29.16958860879248,0.0,0.0,0.6500000000000001
474.0,5.0,3.9182910623297467,29.20230887199267,0.0,0.0,0.6583333333333334
480.0,5.0,3.916671135677827,29.234655903398675,0.0,0.0,0.6666666666666667
486.0,5.0,3.9150606132594725,29.266633954316546,0.0,0.0,0.675
492.0,5.0,3.9134597914838665,29.298247238209626,0.0,0.0,0.6833333333333333
498.0,5.0,3.9118689129891715,29.329499932855924,0.0,0.0,0.6916666666666667
504.0,5.0,3.9102888476625557,29.360395617583492,0.0,0.0,0.7
510.0,5.0,3.9087194387690105,29.3909386432739,0.0,0.0,0.7083333333333333
516.0,5.0,3.9071608602422203,29.421133015184296,0.0,0.0,0.7166666666666666
522.0,5.0,3.905613251609196,29.450982696087067,0.0,0.0,0.7249999999999999
528.0,5.0,3.9040767123865097,29.480491613364336,0.0,0.0,0.7333333333333332
534.0,5.0,3.9025513028553824,29.50966366080212,0.0,0.0,0.7416666666666665
540.0,5.0,3.9010370448058733,29.53850270038521,0.0,0.0,0.7499999999999998
546.0,5.0,3.8995341000103787,29.567012406436106,0.0,0.0,0.7583333333333331
552.0,5.0,3.8980429743736003,29.595196081568872,0.0,0.0,0.7666666666666664
558.0,5.0,3.8965632962747474,29.623057744876633,0.0,0.0,0.7749999999999997
564.0,5.0,3.895095048465944,29.650601044158293,0.0,0.0,0.783333333333333
570.0,5.0,3.8936381907951736,29.677829590610884,0.0,0.0,0.7916666666666663
576.0,5.0,3.892192661114756,29.704746959875706,0.0,0.0,0.7999999999999996
582.0,5.0,3.8907583761339035,29.73135669308448,0.0,0.0,0.8083333333333329
588.0,5.0,3.889335232216198,29.757662297905824,0.0,0.0,0.8166666666666662
594.0,5.0,3.8879231397454714,29.783667197529326,0.0,0.0,0.8249999999999995
600.0,5.0,3.8865226954217587,29.809312386396186,0.0,0.0,0.8333333333333328
606.0,5.0,3.8851329017528538,29.834705491206705,0.0,0.0,0.8416666666666661
612.0,5.0,3.8837538730367323,29.859822256212794,0.0,0.0,0.8499999999999994
618.0,5.0,3.8823855441266937,29.884656133979263,0.0,0.0,0.8583333333333327
624.0,5.0,3.8810277987800905,29.909207395861927,0.0,0.0,0.866666666666666
630.0,5.0,3.879680338376134,29.933486539292005,0.0,0.0,0.8749999999999993
636.0,5.0,3.878343115620333,29.957490156766312,0.0,0.0,0.8833333333333326
642.0,5.0,3.8770160299227845,29.98121685254995,0.0,0.0,0.8916666666666659
648.0,5.0,3.87569894164825,30.004666626642972,0.0,0.0,0.8999999999999992
654.0,5.0,3.8743913685896705,30.027860781892798,0.0,0.0,0.9083333333333325
660.0,5.0,3.8730933198643247,30.050788900290172,0.0,0.0,0.9166666666666659
666.0,5.0,3.8718046518814644,30.073449607562907,0.0,0.0,0.9249999999999992
672.0,5.0,3.8705251892606767,30.0958430227289,0.0,0.0,0.9333333333333325
678.0,5.0,3.869254382267403,30.117995472229836,0.0,0.0,0.9416666666666658
684.0,5.0,3.8679922662621196,30.139891286294187,0.0,0.0,0.9499999999999991
690.0,5.0,3.8667386472458265,30.16153046492201,0.0,0.0,0.9583333333333324
696.0,5.0,3.8654932999616114,30.182914891727705,0.0,0.0,0.9666666666666657
702.0,5.0,3.8642557116968907,30.20406850135481,0.0,0.0,0.974999999999999
708.0,5.0,3.8630258634255554,30.224976355949934,0.0,0.0,0.9833333333333323
714.0,5.0,3.8618035367139085,30.245638455513074,0.0,0.0,0.9916666666666656
720.0,5.0,3.8605884640752914,30.266058425202914,0.0,0.0,0.9999999999999989
726.0,5.0,3.85938017357618,30.286256881333486,0.0,0.0,1.0083333333333322
732.0,5.0,3.858178592053383,30.306220190842282,0.0,0.0,1.0166666666666655
738.0,5.0,3.8569834784365113,30.325948353729302,0.0,0.0,1.0249999999999988
744.0,5.0,3.855794523011245,30.345447214674607,0.0,0.0,1.033333333333332
750.0,5.0,3.854611260034507,30.364736825197497,0.0,0.0,1.0416666666666654
756.0,5.0,3.853433561282604,30.383805178779028,0.0,0.0,1.0499999999999987
762.0,5.0,3.8522611519084546,30.40265331986768,0.0,0.0,1.058333333333332
768.0,5.0,3.851093750661806,30.421282292911883,0.0,0.0,1.0666666666666653
774.0,5.0,3.8499310696812383,30.43969314236,0.0,0.0,1.0749999999999986
780.0,5.0,3.848772814242313,30.457886912660342,0.0,0.0,1.083333333333332
786.0,5.0,3.847618682460434,30.475864648261563,0.0,0.0,1.0916666666666652
792.0,5.0,3.8464681846875934,30.493647428272197,0.0,0.0,1.0999999999999985
798.0,5.0,3.845321112844932,30.51122434372121,0.0,0.0,1.1083333333333318
804.0,5.0,3.844177135471117,30.52859716670332,0.0,0.0,1.1166666666666651
810.0,5.0,3.843035910254146,30.545767894178823,0.0,0.0,1.1249999999999984
816.0,5.0,3.841897085490616,30.562738523108237,0.0,0.0,1.1333333333333317
822.0,5.0,3.8407602994561127,30.579511050452027,0.0,0.0,1.141666666666665
828.0,5.0,3.8396251797157572,30.596087473170712,0.0,0.0,1.1499999999999984
834.0,5.0,3.8384913249441537,30.612473923000152,0.0,0.0,1.1583333333333317
840.0,5.0,3.837358341663865,30.62867178823865,0.0,0.0,1.166666666666665
846.0,5.0,3.8362258248258994,30.64468206485344,0.0,0.0,1.1749999999999983
852.0,5.0,3.835093349839917,30.660507030794406,0.0,0.0,1.1833333333333316
858.0,5.0,3.833960476965983,30.67614896401153,0.0,0.0,1.1916666666666649
864.0,5.0,3.832826750213493,30.691610142454465,0.0,0.0,1.1999999999999982
870.0,5.0,3.8316916961654424,30.70689284407331,0.0,0.0,1.2083333333333315
876.0,5.0,3.830554843638523,30.72199856930183,0.0,0.0,1.2166666666666648
882.0,5.0,3.8294156973160725,30.73692897071362,0.0,0.0,1.224999999999998
888.0,5.0,3.828273706363788,30.751686970576657,0.0,0.0,1.2333333333333314
894.0,5.0,3.8271283167730688,30.766274759897954,0.0,0.0,1.2416666666666647
900.0,5.0,3.8259789501420163,30.780694529685093,0.0,0.0,1.249999999999998
906.0,5.0,3.8248250020733447,30.7949484709452,0.0,0.0,1.2583333333333313
912.0,5.0,3.8236658405153916,30.809038774685575,0.0,0.0,1.2666666666666646
918.0,5.0,3.8225008150807347,30.82296692693552,0.0,0.0,1.274999999999998
924.0,5.0,3.8213292797383676,30.836732152496438,0.0,0.0,1.2833333333333312
930.0,5.0,3.8201504771065475,30.850338700556335,0.0,0.0,1.2916666666666645
936.0,5.0,3.818963650379384,30.863788571538407,0.0,0.0,1.2999999999999978
942.0,5.0,3.8177680064784316,30.877083765865905,0.0,0.0,1.3083333333333311
948.0,5.0,3.8165627143976306,30.890226283962306,0.0,0.0,1.3166666666666644
954.0,5.0,3.815346903647218,30.90321812625075,0.0,0.0,1.3249999999999977
960.0,5.0,3.814119662841924,30.916061293154655,0.0,0.0,1.333333333333331
966.0,5.0,3.812880089218985,30.928754174601522,0.0,0.0,1.3416666666666643
972.0,5.0,3.8116271594529243,30.94130070399399,0.0,0.0,1.3499999999999976
978.0,5.0,3.8103598334889295,30.95370288798688,0.0,0.0,1.358333333333331
984.0,5.0,3.8090770300796675,30.965962545380535,0.0,0.0,1.3666666666666643
990.0,5.0,3.8077776244613677,30.97808149497547,0.0,0.0,1.3749999999999976
996.0,5.0,3.8064604492754652,30.990061555571913,0.0,0.0,1.3833333333333309
1002.0,5.0,3.8051242962199168,31.001904545970433,0.0,0.0,1.3916666666666642
1008.0,5.0,3.8037679528871964,31.013609665283013,0.0,0.0,1.3999999999999975
1014.0,5.0,3.8023901369021655,31.025178822860255,0.0,0.0,1.4083333333333308
1020.0,5.0,3.8009895259054356,31.036614661793806,0.0,0.0,1.416666666666664
1026.0,5.0,3.7995647864388187,31.047918813224214,0.0,0.0,1.4249999999999974
1032.0,5.0,3.79811456809481,31.059092908847788,0.0,0.0,1.4333333333333307
1038.0,5.0,3.7966375124506766,31.070138580916307,0.0,0.0,1.441666666666664
1044.0,5.0,3.795132263710325,31.08105746223748,0.0,0.0,1.4499999999999973
1050.0,5.0,3.7935974811659348,31.09185118617455,0.0,0.0,1.4583333333333306
1056.0,5.0,3.7920318535616255,31.102521386646686,0.0,0.0,1.466666666666664
1062.0,5.0,3.7904341154001973,31.113069698128413,0.0,0.0,1.4749999999999972
1068.0,5.0,3.788803065180727,31.12349775565025,0.0,0.0,1.4833333333333305
1074.0,5.0,3.7871375854882903,31.13380719479818,0.0,0.0,1.4916666666666638
1080.0,5.0,3.785436679873011,31.143998482259917,0.0,0.0,1.4999999999999971
1086.0,5.0,3.783699508734434,31.15406998151576,0.0,0.0,1.5083333333333304
1092.0,5.0,3.7819253070428243,31.16402617186253,0.0,0.0,1.5166666666666637
1098.0,5.0,3.780113527157784,31.173868494704834,0.0,0.0,1.524999999999997
1104.0,5.0,3.778263824963674,31.183598383272738,0.0,0.0,1.5333333333333303
1110.0,5.0,3.7763760842081306,31.193217262622,0.0,0.0,1.5416666666666636
1116.0,5.0,3.774450439406165,31.20272654963361,0.0,0.0,1.549999999999997
1122.0,5.0,3.7724872964412435,31.21212765301408,0.0,0.0,1.5583333333333302
1128.0,5.0,3.7704873499440845,31.221421973295435,0.0,0.0,1.5666666666666635
1134.0,5.0,3.768451596517145,31.230610902835053,0.0,0.0,1.5749999999999968
1140.0,5.0,3.7663813429069952,31.239695825815943,0.0,0.0,1.5833333333333302
1146.0,5.0,3.7642782083136277,31.248678118246573,0.0,0.0,1.5916666666666635
1152.0,5.0,3.7621441201688794,31.257559147960592,0.0,0.0,1.5999999999999968
1158.0,5.0,3.7599813149729457,31.266339337042552,0.0,0.0,1.60833333333333
1164.0,5.0,3.7577922956047125,31.275020067992784,0.0,0.0,1.6166666666666634
1170.0,5.0,3.7555798187773735,31.283602647867497,0.0,0.0,1.6249999999999967
1176.0,5.0,3.7533468639674075,31.292088211213297,0.0,0.0,1.63333333333333
1182.0,5.0,3.7510965930586724,31.300477868629514,0.0,0.0,1.6416666666666633
1188.0,5.0,3.748832306786389,31.308772706767797,0.0,0.0,1.6499999999999966
1194.0,5.0,3.746557613656638,31.316907182181865,0.0,0.0,1.6583333333333299
1200.0,5.0,3.7442757265451703,31.324949019311305,0.0,0.0,1.6666666666666632
1206.0,5.0,3.741989966867539,31.332930315798194,0.0,0.0,1.6749999999999965
1212.0,5.0,3.739703724484083,31.340843754133004,0.0,0.0,1.6833333333333298
1218.0,5.0,3.737420352167887,31.34866045637176,0.0,0.0,1.691666666666663
1224.0,5.0,3.7351429052275518,31.356398789245304,0.0,0.0,1.6999999999999964
1230.0,5.0,3.732874307605212,31.364058752753692,0.0,0.0,1.7083333333333297
1236.0,5.0,3.7306172727345914,31.371634439329,0.0,0.0,1.716666666666663
1242.0,5.0,3.7283742553080157,31.379127043551875,0.0,0.0,1.7249999999999963
1248.0,5.0,3.7261474446583156,31.386537748052092,0.0,0.0,1.7333333333333296
1254.0,5.0,3.7239387378188606,31.393868939024287,0.0,0.0,1.741666666666663
1260.0,5.0,3.721749743503451,31.401123878458066,0.0,0.0,1.7499999999999962
1266.0,5.0,3.7195818412314843,31.408298984948487,0.0,0.0,1.7583333333333295
1272.0,5.0,3.717436112325324,31.415394258495837,0.0,0.0,1.7666666666666628
1278.0,5.0,3.7153133785863806,31.42240969909983,0.0,0.0,1.7749999999999961
1284.0,5.0,3.713214218826308,31.429345306760638,0.0,0.0,1.7833333333333294
1290.0,5.0,3.7111389629776355,31.436205601969164,0.0,0.0,1.7916666666666627
1296.0,5.0,3.709087714600652,31.44299940021017,0.0,0.0,1.799999999999996
1302.0,5.0,3.70706049773958,31.449718024687456,0.0,0.0,1.8083333333333294
1308.0,5.0,3.705057133085084,31.45636147540108,0.0,0.0,1.8166666666666627
1314.0,5.0,3.7030773103044217,31.46292975235093,0.0,0.0,1.824999999999996
1320.0,5.0,3.7011206109212442,31.46942285553712,0.0,0.0,1.8333333333333293
1326.0,5.0,3.6991865078202295,31.475844973230153,0.0,0.0,1.8416666666666626
1332.0,5.0,3.6972743676204125,31.482207783864965,0.0,0.0,1.8499999999999959
1338.0,5.0,3.6953836272829026,31.48850072954548,0.0,0.0,1.8583333333333292
1344.0,5.0,3.693513636886284,31.494723810271864,0.0,0.0,1.8666666666666625
1350.0,5.0,3.6916637301179493,31.50087702604401,0.0,0.0,1.8749999999999958
1356.0,5.0,3.689833236956679,31.50696037686191,0.0,0.0,1.883333333333329
1362.0,5.0,3.6880214782045035,31.512977107574557,0.0,0.0,1.8916666666666624
1368.0,5.0,3.6862277403640644,31.518940511238554,0.0,0.0,1.8999999999999957
1374.0,5.0,3.684451455997266,31.524839363861133,0.0,0.0,1.908333333333329
1380.0,5.0,3.682692030545817,31.530673665442123,0.0,0.0,1.9166666666666623
1386.0,5.0,3.6809489027441984,31.536443415981694,0.0,0.0,1.9249999999999956
1392.0,5.0,3.679221547638384,31.54214861547979,0.0,0.0,1.933333333333329
1398.0,5.0,3.677509466831164,31.547791844053393,0.0,0.0,1.9416666666666622
1404.0,5.0,3.6758121361368765,31.55339010543929,0.0,0.0,1.9499999999999955
1410.0,5.0,3.6741292052235366,31.558930710359164,0.0,0.0,1.9583333333333288
1416.0,5.0,3.6724603037459214,31.564413969865598,0.0,0.0,1.9666666666666621
1422.0,5.0,3.6708050991843133,31.56984019501124,0.0,0.0,1.9749999999999954
1428.0,5.0,3.669163295313467,31.575209696848674,0.0,0.0,1.9833333333333287
1434.0,5.0,3.6675346303201355,31.580522786430436,0.0,0.0,1.991666666666662
1440.0,5.0,3.665918874655606,31.58577977480934,0.0,0.0,1.9999999999999953
1446.0,5.0,3.6643158286987605,31.590980973037745,0.0,0.0,2.008333333333329
1452.0,5.0,3.662725320294968,31.596126692168525,0.0,0.0,2.016666666666662
1458.0,5.0,3.6611472022265996,31.601217243254098,0.0,0.0,2.0249999999999955
1464.0,5.0,3.6595813496623286,31.606252937347165,0.0,0.0,2.0333333333333288
1470.0,5.0,3.6580276414965454,31.611238668320652,0.0,0.0,2.041666666666662
1476.0,5.0,3.6564859620209016,31.61618290242302,0.0,0.0,2.0499999999999954
1482.0,5.0,3.65495626989075,31.6210772338855,0.0,0.0,2.0583333333333287
1488.0,5.0,3.653438504489877,31.625922279775125,0.0,0.0,2.066666666666662
1494.0,5.0,3.651932615725876,31.630718657158866,0.0,0.0,2.0749999999999953
1500.0,5.0,3.650438561962063,31.63546698310381,0.0,0.0,2.0833333333333286
1506.0,5.0,3.6489563080829726,31.640167874677047,0.0,0.0,2.091666666666662
1512.0,5.0,3.6474858236987013,31.644821948945662,0.0,0.0,2.099999999999995
1518.0,5.0,3.646027081491052,31.649429822976686,0.0,0.0,2.1083333333333285
1524.0,5.0,3.644580055702057,31.653992113837205,0.0,0.0,2.116666666666662
1530.0,5.0,3.643144720763843,31.65850943859425,0.0,0.0,2.124999999999995
1536.0,5.0,3.6417210500672055,31.662982414314968,0.0,0.0,2.1333333333333284
1542.0,5.0,3.6403090144747723,31.667413611348195,0.0,0.0,2.1416666666666617
1548.0,5.0,3.6389085820546114,31.671804597954406,0.0,0.0,2.149999999999995
1554.0,5.0,3.637519717454646,31.676154187317536,0.0,0.0,2.1583333333333283
1560.0,5.0,3.6361423802530277,31.680463079201616,0.0,0.0,2.1666666666666616
1566.0,5.0,3.634776524753874,31.684731973370674,0.0,0.0,2.174999999999995
1572.0,5.0,3.6334220994813173,31.688961569588628,0.0,0.0,2.1833333333333282
1578.0,5.0,3.6320790467718234,31.69315256761962,0.0,0.0,2.1916666666666615
1584.0,5.0,3.6307473024576677,31.69730566722751,0.0,0.0,2.199999999999995
1590.0,5.0,3.6294267956346618,31.701421568176443,0.0,0.0,2.208333333333328
1596.0,5.0,3.6281174485069707,31.70550097023039,0.0,0.0,2.2166666666666615
1602.0,5.0,3.626819176302362,31.709544573153266,0.0,0.0,2.2249999999999948
1608.0,5.0,3.6255318872511078,31.71355307670916,0.0,0.0,2.233333333333328
1614.0,5.0,3.6242554953110835,31.71752582277128,0.0,0.0,2.2416666666666614
1620.0,5.0,3.622989892831075,31.721463690711914,0.0,0.0,2.2499999999999947
1626.0,5.0,3.621734961483474,31.725367997426474,0.0,0.0,2.258333333333328
1632.0,5.0,3.620490582576255,31.729239401041355,0.0,0.0,2.2666666666666613
1638.0,5.0,3.619256631041408,31.733078559682497,0.0,0.0,2.2749999999999946
1644.0,5.0,3.618032975670969,31.736886131476183,0.0,0.0,2.283333333333328
1650.0,5.0,3.616819479377617,31.74066277454847,0.0,0.0,2.291666666666661
1656.0,5.0,3.615615999475355,31.744409147025635,0.0,0.0,2.2999999999999945
1662.0,5.0,3.614422387976333,31.74812590703374,0.0,0.0,2.308333333333328
1668.0,5.0,3.6132384918999807,31.751813712698947,0.0,0.0,2.316666666666661
1674.0,5.0,3.612064153591025,31.755473222147373,0.0,0.0,2.3249999999999944
1680.0,5.0,3.6108992110432903,31.759105093505184,0.0,0.0,2.3333333333333277
1686.0,5.0,3.609743514041303,31.762706854373675,0.0,0.0,2.341666666666661
1692.0,5.0,3.6085968845627874,31.76628071534293,0.0,0.0,2.3499999999999943
1698.0,5.0,3.607459146482264,31.76982789450119,0.0,0.0,2.3583333333333276
1704.0,5.0,3.6063301238543026,31.773348975362183,0.0,0.0,2.366666666666661
1710.0,5.0,3.6052096379863614,31.776844541439516,0.0,0.0,2.3749999999999942
1716.0,5.0,3.604097507746957,31.780315176246745,0.0,0.0,2.3833333333333275
1722.0,5.0,3.602993549864859,31.783761463297594,0.0,0.0,2.391666666666661
1728.0,5.0,3.601897579218093,31.787183986105617,0.0,0.0,2.399999999999994
1734.0,5.0,3.6008094091118004,31.790583328184425,0.0,0.0,2.4083333333333274
1740.0,5.0,3.5997288515439427,31.79396007304763,0.0,0.0,2.4166666666666607
1746.0,5.0,3.5986557174583313,31.797314804208952,0.0,0.0,2.424999999999994
1752.0,5.0,3.597589816984275,31.800648105181892,0.0,0.0,2.4333333333333274
1758.0,5.0,3.5965309646018238,31.803959319329465,0.0,0.0,2.4416666666666607
1764.0,5.0,3.595478967306124,31.807249540029773,0.0,0.0,2.449999999999994
1770.0,5.0,3.594433634362318,31.810519256075168,0.0,0.0,2.4583333333333273
1776.0,5.0,3.593394775095074,31.813768938838564,0.0,0.0,2.4666666666666606
1782.0,5.0,3.5923621989881274,31.816999059692876,0.0,0.0,2.474999999999994
1788.0,5.0,3.591335732832415,31.820196637129243,0.0,0.0,2.483333333333327
1794.0,5.0,3.590315169865577,31.823375596340213,0.0,0.0,2.4916666666666605
1800.0,5.0,3.589300313300204,31.826542388238067,0.0,0.0,2.499999999999994
1806.0,5.0,3.588290977138275,31.82969575271011,0.0,0.0,2.508333333333327
1812.0,5.0,3.5872869816985538,31.83283071682615,0.0,0.0,2.5166666666666604
1818.0,5.0,3.58628813543566,31.8359504434315,0.0,0.0,2.5249999999999937
1824.0,5.0,3.5852942527089597,31.83905493252621,0.0,0.0,2.533333333333327
1830.0,5.0,3.5843051526760608,31.842144972041353,0.0,0.0,2.5416666666666603
1836.0,5.0,3.583320650171854,31.845220250412297,0.0,0.0,2.5499999999999936
1842.0,5.0,3.582340561778732,31.848280592255094,0.0,0.0,2.558333333333327
1848.0,5.0,3.5813647060288,31.85132599756963,0.0,0.0,2.56666666666666
1854.0,5.0,3.580392902566759,31.85435646635591,0.0,0.0,2.5749999999999935
1860.0,5.0,3.57942497215393,31.85737199861387,0.0,0.0,2.583333333333327
1866.0,5.0,3.578460745475225,31.860397175251308,0.0,0.0,2.59166666666666
1872.0,5.0,3.57750003841096,31.863410975160377,0.0,0.0,2.5999999999999934
1878.0,5.0,3.5765426748491476,31.866412818098183,0.0,0.0,2.6083333333333267
1884.0,5.0,3.5755884799103392,31.86940270406467,0.0,0.0,2.61666666666666
1890.0,5.0,3.574637279700992,31.87238063305989,0.0,0.0,2.6249999999999933
1896.0,5.0,3.573688901261383,31.87534660508385,0.0,0.0,2.6333333333333266
1902.0,5.0,3.5727431725055063,31.878300620136486,0.0,0.0,2.64166666666666
1908.0,5.0,3.571799922153227,31.88124267821786,0.0,0.0,2.6499999999999932
1914.0,5.0,3.5708589796551733,31.884172779328026,0.0,0.0,2.6583333333333266
1920.0,5.0,3.5699201751105942,31.887090923466815,0.0,0.0,2.66666666666666
1926.0,5.0,3.5689833391786023,31.889997110634397,0.0,0.0,2.674999999999993
1932.0,5.0,3.568048302983056,31.892891340830715,0.0,0.0,2.6833333333333265
1938.0,5.0,3.5671148980114404,31.895773614055656,0.0,0.0,2.6916666666666598
1944.0,5.0,3.566182956008066,31.89864393030939,0.0,0.0,2.699999999999993
1950.0,5.0,3.5652523088617865,31.90150228959186,0.0,0.0,2.7083333333333264
1956.0,5.0,3.564322789205409,31.9043501807418,0.0,0.0,2.7166666666666597
1962.0,5.0,3.563394248084668,31.907227034679238,0.0,0.0,2.724999999999993
1968.0,5.0,3.5624665000661495,31.910096917105648,0.0,0.0,2.7333333333333263
1974.0,5.0,3.5615393764543994,31.912959828020917,0.0,0.0,2.7416666666666596
1980.0,5.0,3.560612708062367,31.91581576742516,0.0,0.0,2.749999999999993
1986.0,5.0,3.5596863250728585,31.918664735318202,0.0,0.0,2.758333333333326
1992.0,5.0,3.5587600568965465,31.92150673170022,0.0,0.0,2.7666666666666595
1998.0,5.0,3.557833732026827,31.924341756571152,0.0,0.0,2.774999999999993
2004.0,5.0,3.556907177891763,31.927169809930888,0.0,0.0,2.783333333333326
2010.0,5.0,3.5559802207034474,31.929990891779596,0.0,0.0,2.7916666666666594
2016.0,5.0,3.5550526853051414,31.932805002117163,0.0,0.0,2.7999999999999927
2022.0,5.0,3.5541243950163537,31.935612140943647,0.0,0.0,2.808333333333326
2028.0,5.0,3.5531951714763768,31.938412308259103,0.0,0.0,2.8166666666666593
2034.0,5.0,3.5522648344864542,31.941205504063362,0.0,0.0,2.8249999999999926
2040.0,5.0,3.5513332018511057,31.943991728356593,0.0,0.0,2.833333333333326
2046.0,5.0,3.550400089218855,31.946770981138684,0.0,0.0,2.8416666666666592
2052.0,5.0,3.5494653129661247,31.949547512218203,0.0,0.0,2.8499999999999925
2058.0,5.0,3.5485287107838324,31.95235857700908,0.0,0.0,2.858333333333326
2064.0,5.0,3.5475900651526118,31.95516801031397,0.0,0.0,2.866666666666659
2070.0,5.0,3.5466491815439576,31.95797581213293,0.0,0.0,2.8749999999999925
2076.0,5.0,3.5457058624826345,31.960781982466017,0.0,0.0,2.8833333333333258
2082.0,5.0,3.544759907394194,31.963586521313175,0.0,0.0,2.891666666666659
2088.0,5.0,3.543811112455565,31.966389428674404,0.0,0.0,2.8999999999999924
2094.0,5.0,3.5428592704493647,31.969190704549703,0.0,0.0,2.9083333333333257
2100.0,5.0,3.541904170622731,31.97199034893913,0.0,0.0,2.916666666666659
2106.0,5.0,3.540945598551402,31.974788361842627,0.0,0.0,2.9249999999999923
2112.0,5.0,3.5399833360098842,31.977584743260252,0.0,0.0,2.9333333333333256
2118.0,5.0,3.5390171608486662,31.98037949319189,0.0,0.0,2.941666666666659
2124.0,5.0,3.5380468468793524,31.983172611637713,0.0,0.0,2.949999999999992
2130.0,5.0,3.5370721637688867,31.98596409859755,0.0,0.0,2.9583333333333255
2136.0,5.0,3.5360928769438313,31.988753954071512,0.0,0.0,2.966666666666659
2142.0,5.0,3.5351087475059364,31.99154217805949,0.0,0.0,2.974999999999992
2148.0,5.0,3.534119538599057,31.994335536579513,0.0,0.0,2.9833333333333254
2154.0,5.0,3.5331250325322454,31.997165522822343,0.0,0.0,2.9916666666666587
2160.0,5.0,3.532124945694013,31.999999094762813,0.0,0.0,2.999999999999992
2166.0,5.0,3.5311190213341983,32.0028362524007,0.0,0.0,3.0083333333333253
2172.0,5.0,3.5301069981708686,32.00567699573628,0.0,0.0,3.0166666666666586
2178.0,5.0,3.5290886104028463,32.00852132476933,0.0,0.0,3.024999999999992
2184.0,5.0,3.528063587743933,32.01136923949997,0.0,0.0,3.033333333333325
2190.0,5.0,3.5270316554807324,32.014220739928135,0.0,0.0,3.0416666666666585
2196.0,5.0,3.525992534555826,32.01707582605388,0.0,0.0,3.049999999999992
2202.0,5.0,3.5249459416783395,32.019934497877216,0.0,0.0,3.058333333333325
2208.0,5.0,3.523891589463929,32.022796755398076,0.0,0.0,3.0666666666666584
2214.0,5.0,3.5228291866062,32.02566259861652,0.0,0.0,3.0749999999999917
2220.0,5.0,3.5217584380817133,32.02853202753255,0.0,0.0,3.083333333333325
2226.0,5.0,3.520679045390732,32.03140504214605,0.0,0.0,3.0916666666666583
2232.0,5.0,3.519590706835937,32.03428164245713,0.0,0.0,3.0999999999999917
2238.0,5.0,3.5184931178412358,32.037161828465855,0.0,0.0,3.108333333333325
2244.0,5.0,3.517385981950344,32.04005465806608,0.0,0.0,3.1166666666666583
2250.0,5.0,3.516269020055597,32.04298571324256,0.0,0.0,3.1249999999999916
2256.0,5.0,3.5151418865599027,32.04592538144868,0.0,0.0,3.133333333333325
2262.0,5.0,3.5140042694520224,32.0488736626844,0.0,0.0,3.141666666666658
2268.0,5.0,3.5128558561131915,32.0518305569496,0.0,0.0,3.1499999999999915
2274.0,5.0,3.5116963339212375,32.054796064244556,0.0,0.0,3.1583333333333248
2280.0,5.0,3.510525390908851,32.05777018456894,0.0,0.0,3.166666666666658
2286.0,5.0,3.509342716477502,32.060752917923026,0.0,0.0,3.1749999999999914
2292.0,5.0,3.5081480021682765,32.06374426430659,0.0,0.0,3.1833333333333247
2298.0,5.0,3.5069409424906057,32.06674422371981,0.0,0.0,3.191666666666658
2304.0,5.0,3.505721235809552,32.06975279616262,0.0,0.0,3.1999999999999913
2310.0,5.0,3.5044885852920613,32.07276998163502,0.0,0.0,3.2083333333333246
2316.0,5.0,3.5032426999119766,32.07579578013696,0.0,0.0,3.216666666666658
2322.0,5.0,3.501983295513404,32.078830191668544,0.0,0.0,3.224999999999991
2328.0,5.0,3.5007100959313466,32.08187321622967,0.0,0.0,3.2333333333333245
2334.0,5.0,3.4994228341680382,32.08492485382038,0.0,0.0,3.241666666666658
2340.0,5.0,3.498121258602921,32.08798888303056,0.0,0.0,3.249999999999991
2346.0,5.0,3.496805135271934,32.091073607126305,0.0,0.0,3.2583333333333244
2352.0,5.0,3.4954742216728025,32.09417098281568,0.0,0.0,3.2666666666666577
2358.0,5.0,3.4941283002743013,32.097281010098754,0.0,0.0,3.274999999999991
2364.0,5.0,3.4927671693310174,32.10040368897552,0.0,0.0,3.2833333333333243
2370.0,5.0,3.491390644324836,32.10353901944603,0.0,0.0,3.2916666666666576
2376.0,5.0,3.489998559432214,32.10668700151018,0.0,0.0,3.299999999999991
2382.0,5.0,3.488590801609088,32.10986123527613,0.0,0.0,3.3083333333333242
2388.0,5.0,3.4871672200758566,32.11305202815083,0.0,0.0,3.3166666666666575
2394.0,5.0,3.4857276994987445,32.11625364268269,0.0,0.0,3.324999999999991
2400.0,5.0,3.484272172168294,32.1194696797437,0.0,0.0,3.333333333333324
2406.0,5.0,3.482800615419922,32.122711821289215,0.0,0.0,3.3416666666666575
2412.0,5.0,3.4813129819405213,32.125969427770144,0.0,0.0,3.3499999999999908
2418.0,5.0,3.4798092782623935,32.129242499186375,0.0,0.0,3.358333333333324
2424.0,5.0,3.4782895412185866,32.132531035537966,0.0,0.0,3.3666666666666574
2430.0,5.0,3.476753839213092,32.135835036824915,0.0,0.0,3.3749999999999907
2436.0,5.0,3.4752022734085006,32.13915450304728,0.0,0.0,3.383333333333324
2442.0,5.0,3.4736350044554642,32.14250237119552,0.0,0.0,3.3916666666666573
2448.0,5.0,3.4720522038710984,32.145879473281184,0.0,0.0,3.3999999999999906
2454.0,5.0,3.470454056950132,32.149275591271646,0.0,0.0,3.408333333333324
2460.0,5.0,3.468840805637088,32.15269072516679,0.0,0.0,3.416666666666657
2466.0,5.0,3.4672127288499213,32.15612487496668,0.0,0.0,3.4249999999999905
2472.0,5.0,3.4655701428828274,32.159578040671306,0.0,0.0,3.433333333333324
2478.0,5.0,3.463913401632688,32.16305022228062,0.0,0.0,3.441666666666657
2484.0,5.0,3.46224289663815,32.166541419794726,0.0,0.0,3.4499999999999904
2490.0,5.0,3.460559056921435,32.17005163321346,0.0,0.0,3.4583333333333237
2496.0,5.0,3.458862348624353,32.17358086253705,0.0,0.0,3.466666666666657
2502.0,5.0,3.4571532744316813,32.17712910776521,0.0,0.0,3.4749999999999903
2508.0,5.0,3.4554323727767158,32.180696368898225,0.0,0.0,3.4833333333333236
2514.0,5.0,3.4537002168256836,32.184282645935866,0.0,0.0,3.491666666666657
2520.0,5.0,3.451957468616635,32.18791797489155,0.0,0.0,3.4999999999999902
2526.0,5.0,3.4502047590434946,32.19159809139171,0.0,0.0,3.5083333333333235
2532.0,5.0,3.4484427185414175,32.19530203437421,0.0,0.0,3.516666666666657
2538.0,5.0,3.4466720446454864,32.19902980383898,0.0,0.0,3.52499999999999
2544.0,5.0,3.4448934612648308,32.20278139978598,0.0,0.0,3.5333333333333234
2550.0,5.0,3.443107716393225,32.20655682221536,0.0,0.0,3.5416666666666567
2556.0,5.0,3.441315579637321,32.21035607112702,0.0,0.0,3.54999999999999
2562.0,5.0,3.4395178395770296,32.21417914652096,0.0,0.0,3.5583333333333234
2568.0,5.0,3.4377153009744563,32.21802604839718,0.0,0.0,3.5666666666666567
2574.0,5.0,3.435908781849655,32.22189677675573,0.0,0.0,3.57499999999999
2580.0,5.0,3.4340991104430714,32.225791331596554,0.0,0.0,3.5833333333333233
2586.0,5.0,3.43228712208588,32.229709712919714,0.0,0.0,3.5916666666666566
2592.0,5.0,3.4304736560004554,32.233651920725094,0.0,0.0,3.59999999999999
2598.0,5.0,3.428659552054065,32.237617955012865,0.0,0.0,3.608333333333323
2604.0,5.0,3.426845647489336,32.2416078157828,0.0,0.0,3.6166666666666565
2610.0,5.0,3.425032773655107,32.245621503035125,0.0,0.0,3.62499999999999
2616.0,5.0,3.423221752761238,32.24965901676978,0.0,0.0,3.633333333333323
2622.0,5.0,3.42141339468035,32.25372035698666,0.0,0.0,3.6416666666666564
2628.0,5.0,3.4196084938186107,32.25780552368582,0.0,0.0,3.6499999999999897
2634.0,5.0,3.417807826076759,32.26191451686731,0.0,0.0,3.658333333333323
2640.0,5.0,3.416012145920868,32.266047336531074,0.0,0.0,3.6666666666666563
2646.0,5.0,3.4142222569252065,32.27024281092258,0.0,0.0,3.6749999999999896
2652.0,5.0,3.4124388639333922,32.27450168975298,0.0,0.0,3.683333333333323
2658.0,5.0,3.410662578989307,32.278791181187614,0.0,0.0,3.691666666666656
2664.0,5.0,3.4088940443307805,32.28311128522637,0.0,0.0,3.6999999999999895
2670.0,5.0,3.4071338683225285,32.2874620018693,0.0,0.0,3.708333333333323
2676.0,5.0,3.405382623491878,32.291843331116354,0.0,0.0,3.716666666666656
2682.0,5.0,3.403640844755238,32.29625527296753,0.0,0.0,3.7249999999999894
2688.0,5.0,3.401909027837468,32.30069782742294,0.0,0.0,3.7333333333333227
2694.0,5.0,3.4001876278837457,32.30517099448241,0.0,0.0,3.741666666666656
2700.0,5.0,3.3984770582611175,32.30967477414606,0.0,0.0,3.7499999999999893
2706.0,5.0,3.3967776895448316,32.31420916641383,0.0,0.0,3.7583333333333226
2712.0,5.0,3.395089848682092,32.31877417128584,0.0,0.0,3.766666666666656
2718.0,5.0,3.3934138183241425,32.32336978876191,0.0,0.0,3.7749999999999893
2724.0,5.0,3.391749836315456,32.3279960188421,0.0,0.0,3.7833333333333226
2730.0,5.0,3.3900980953273727,32.332652861526526,0.0,0.0,3.791666666666656
2736.0,5.0,3.388458742621695,32.33734031681507,0.0,0.0,3.799999999999989
2742.0,5.0,3.3868318799288124,32.34205838470774,0.0,0.0,3.8083333333333225
2748.0,5.0,3.3852175634233643,32.34680706520459,0.0,0.0,3.8166666666666558
2754.0,5.0,3.3836158037797737,32.35158635830561,0.0,0.0,3.824999999999989
2760.0,5.0,3.382026566289147,32.356396264010755,0.0,0.0,3.8333333333333224
2766.0,5.0,3.3804497710182178,32.36123678231996,0.0,0.0,3.8416666666666557
2772.0,5.0,3.3788853761579722,32.36614986859183,0.0,0.0,3.849999999999989
2778.0,5.0,3.377333232143894,32.371145687585454,0.0,0.0,3.8583333333333223
2784.0,5.0,3.375793040950247,32.376182084129994,0.0,0.0,3.8666666666666556
2790.0,5.0,3.374264543965003,32.38125928604944,0.0,0.0,3.874999999999989
2796.0,5.0,3.372747438082238,32.386377521167674,0.0,0.0,3.883333333333322
2802.0,5.0,3.3712413756931876,32.39153701730851,0.0,0.0,3.8916666666666555
2808.0,5.0,3.369745964578554,32.39673800229599,0.0,0.0,3.899999999999989
2814.0,5.0,3.3682607676820364,32.401980703953996,0.0,0.0,3.908333333333322
2820.0,5.0,3.366785302745428,32.40726535010634,0.0,0.0,3.9166666666666554
2826.0,5.0,3.3653190417857908,32.412592168577135,0.0,0.0,3.9249999999999887
2832.0,5.0,3.3638614103954825,32.417961387190076,0.0,0.0,3.933333333333322
2838.0,5.0,3.3624117868461583,32.423373233769155,0.0,0.0,3.9416666666666553
2844.0,5.0,3.3609695009781597,32.42882793613836,0.0,0.0,3.9499999999999886
2850.0,5.0,3.359533832857052,32.434325722121514,0.0,0.0,3.958333333333322
2856.0,5.0,3.3581040111794493,32.4398668195426,0.0,0.0,3.9666666666666552
2862.0,5.0,3.3566792114107766,32.44545145622544,0.0,0.0,3.9749999999999885
2868.0,5.0,3.355258553637923,32.451079859994024,0.0,0.0,3.983333333333322
2874.0,5.0,3.3538411001206176,32.456752258672225,0.0,0.0,3.991666666666655
2880.0,5.0,3.352425852525892,32.46246888008403,0.0,0.0,3.9999999999999885
2886.0,5.0,3.351011748830974,32.46822995205321,0.0,0.0,4.008333333333322
2892.0,5.0,3.3495976598811064,32.47403570240374,0.0,0.0,4.016666666666656
2898.0,5.0,3.3481823855901602,32.47988635895962,0.0,0.0,4.02499999999999
2904.0,5.0,3.3467646507738174,32.48578214954466,0.0,0.0,4.0333333333333234
2910.0,5.0,3.3453431006071237,32.4917233019828,0.0,0.0,4.041666666666657
2916.0,5.0,3.3439162957012036,32.49771004409797,0.0,0.0,4.049999999999991
2922.0,5.0,3.3424827067972007,32.50374260371416,0.0,0.0,4.058333333333325
2928.0,5.0,3.341040709079779,32.50982120865507,0.0,0.0,4.066666666666658
2934.0,5.0,3.3395885761176642,32.51594608674475,0.0,0.0,4.074999999999992
2940.0,5.0,3.3381244734449136,32.52211746580713,0.0,0.0,4.083333333333326
2946.0,5.0,3.336646451804121,32.528335573666084,0.0,0.0,4.09166666666666
2952.0,5.0,3.33515244008168,32.53460063814555,0.0,0.0,4.099999999999993
2958.0,5.0,3.333640237976031,32.54091288706934,0.0,0.0,4.108333333333327
2964.0,5.0,3.3321075146057626,32.54727551889982,0.0,0.0,4.116666666666661
2970.0,5.0,3.3305518004893053,32.55369453610797,0.0,0.0,4.124999999999995
2976.0,5.0,3.3289705580215703,32.560214690648536,0.0,0.0,4.133333333333328
2982.0,5.0,3.3273609050386397,32.56679505309427,0.0,0.0,4.141666666666662
2988.0,5.0,3.3257198351489725,32.57341476241743,0.0,0.0,4.149999999999996
2994.0,5.0,3.3240442361472624,32.58008490067516,0.0,0.0,4.15833333333333
3000.0,5.0,3.322330869839469,32.586842227313014,0.0,0.0,4.166666666666663
3006.0,5.0,3.320576162222769,32.59365450913174,0.0,0.0,4.174999999999997
3012.0,5.0,3.318776416297725,32.60052174613139,0.0,0.0,4.183333333333331
3018.0,5.0,3.3169277389628875,32.607443938311974,0.0,0.0,4.191666666666665
3024.0,5.0,3.315026038831049,32.61442108567354,0.0,0.0,4.199999999999998
3030.0,5.0,3.3130670395569273,32.62145951898992,0.0,0.0,4.208333333333332
3036.0,5.0,3.311046349806552,32.62860353307832,0.0,0.0,4.216666666666666
3042.0,5.0,3.3089592046174148,32.635812390292074,0.0,0.0,4.225
3048.0,5.0,3.3068007430338118,32.643086090631186,0.0,0.0,4.233333333333333
3054.0,5.0,3.3045659329474066,32.65042463409566,0.0,0.0,4.241666666666667
3060.0,5.0,3.3022495875519473,32.65782802068543,0.0,0.0,4.250000000000001
3066.0,5.0,3.2998463867513026,32.665296250400615,0.0,0.0,4.258333333333335
3072.0,5.0,3.2973509040895608,32.67282932324122,0.0,0.0,4.266666666666668
3078.0,5.0,3.2947576397514537,32.68042723920706,0.0,0.0,4.275000000000002
3084.0,5.0,3.29206106013509,32.68808999829838,0.0,0.0,4.283333333333336
3090.0,5.0,3.289255644421978,32.695817600515,0.0,0.0,4.29166666666667
3096.0,5.0,3.2863360431719277,32.70365882820681,0.0,0.0,4.300000000000003
3102.0,5.0,3.283296864769312,32.71158311847785,0.0,0.0,4.308333333333337
3108.0,5.0,3.2801329629389513,32.71958258187993,0.0,0.0,4.316666666666671
3114.0,5.0,3.2768394809748758,32.727657218413015,0.0,0.0,4.325000000000005
3120.0,5.0,3.273411917216139,32.73580702807709,0.0,0.0,4.333333333333338
3126.0,5.0,3.2698462130252595,32.744032010872104,0.0,0.0,4.341666666666672
3132.0,5.0,3.266138845010275,32.75233216679817,0.0,0.0,4.350000000000006
3138.0,5.0,3.26228691973945,32.76070749585523,0.0,0.0,4.35833333333334
3144.0,5.0,3.258288268767204,32.76915799804334,0.0,0.0,4.366666666666673
3150.0,5.0,3.2541415413676784,32.77768367336239,0.0,0.0,4.375000000000007
3156.0,5.0,3.2498463739674803,32.78632247939561,0.0,0.0,4.383333333333341
3162.0,5.0,3.2454033044839914,32.795074089752916,0.0,0.0,4.391666666666675
3168.0,5.0,3.240813867245773,32.80391304125959,0.0,0.0,4.400000000000008
3174.0,5.0,3.236080753318457,32.81283933391552,0.0,0.0,4.408333333333342
3180.0,5.0,3.231207787285185,32.82185296772076,0.0,0.0,4.416666666666676
3186.0,5.0,3.226199936473435,32.830953942675364,0.0,0.0,4.42500000000001
3192.0,5.0,3.2210632948923124,32.840142258779224,0.0,0.0,4.433333333333343
3198.0,5.0,3.215805039797378,32.84941791603234,0.0,0.0,4.441666666666677
3204.0,5.0,3.2104333596832144,32.85878091443482,0.0,0.0,4.450000000000011
3210.0,5.0,3.20495735354791,32.86823125398661,0.0,0.0,4.458333333333345
3216.0,5.0,3.199386970645573,32.87780026764892,0.0,0.0,4.466666666666678
3222.0,5.0,3.193732841650753,32.88754371250724,0.0,0.0,4.475000000000012
3228.0,5.0,3.188005787069196,32.89739699596521,0.0,0.0,4.483333333333346
3234.0,5.0,3.182217027248532,32.907360725808644,0.0,0.0,4.49166666666668
3240.0,5.0,3.1763778341611584,32.91743550982335,0.0,0.0,4.500000000000013
3246.0,5.0,3.1704993185170465,32.9276219557953,0.0,0.0,4.508333333333347
3252.0,5.0,3.1645922165681535,32.9379206715102,0.0,0.0,4.516666666666681
3258.0,5.0,3.1586666828199044,32.9483322647539,0.0,0.0,4.525000000000015
3264.0,5.0,3.1527320945278885,32.95885734331222,0.0,0.0,4.533333333333348
3270.0,5.0,3.1467968732209775,32.96949651497107,0.0,0.0,4.541666666666682
3276.0,5.0,3.1408683276052503,32.980250387516264,0.0,0.0,4.550000000000016
3282.0,5.0,3.134952521133096,32.991119568733495,0.0,0.0,4.55833333333335
3288.0,5.0,3.1290541663457216,33.00210466640874,0.0,0.0,4.566666666666683
3294.0,5.0,3.123176546895316,33.01320628832775,0.0,0.0,4.575000000000017
3300.0,5.0,3.117321467000215,33.02442504227639,0.0,0.0,4.583333333333351
3306.0,5.0,3.111489227047482,33.035761536040525,0.0,0.0,4.5916666666666845
3312.0,5.0,3.105678623180865,33.047216377406016,0.0,0.0,4.600000000000018
3318.0,5.0,3.0998869680309364,33.05879017415856,0.0,0.0,4.608333333333352
3324.0,5.0,3.094110129270765,33.070483534084076,0.0,0.0,4.616666666666686
3330.0,5.0,3.088342582413978,33.082297064968316,0.0,0.0,4.6250000000000195
3336.0,5.0,3.0825775665768127,33.09427317095299,0.0,0.0,4.633333333333353
3342.0,5.0,3.076807254547301,33.10654098326967,0.0,0.0,4.641666666666687
3348.0,5.0,3.0710220411838454,33.118961085155945,0.0,0.0,4.650000000000021
3354.0,5.0,3.0652115241355116,33.131535506642535,0.0,0.0,4.6583333333333545
3360.0,5.0,3.0593642640798566,33.144266277759925,0.0,0.0,4.666666666666688
3366.0,5.0,3.0534678531494253,33.15715542853849,0.0,0.0,4.675000000000022
3372.0,5.0,3.047508977312835,33.17020498900894,0.0,0.0,4.683333333333356
3378.0,5.0,3.041473471318217,33.1834169892017,0.0,0.0,4.6916666666666895
3384.0,5.0,3.035346365186559,33.196793459147216,0.0,0.0,4.700000000000023
3390.0,5.0,3.0291119215810878,33.21033642887613,0.0,0.0,4.708333333333357
3396.0,5.0,3.0227536636695675,33.22404792841894,0.0,0.0,4.716666666666691
3402.0,5.0,3.0162543933372916,33.23792998780607,0.0,0.0,4.7250000000000245
3408.0,5.0,3.00959619980016,33.25198463706823,0.0,0.0,4.733333333333358
3414.0,5.0,3.0027604588122108,33.26621390623569,0.0,0.0,4.741666666666692
3420.0,5.0,2.9957278227652626,33.28061982533916,0.0,0.0,4.750000000000026
3426.0,5.0,2.9884782020444343,33.295204424409064,0.0,0.0,4.7583333333333595
3432.0,5.0,2.980990738038238,33.30996973347601,0.0,0.0,4.766666666666693
3438.0,5.0,2.9732437682110002,33.32491778257048,0.0,0.0,4.775000000000027
3444.0,5.0,2.965214783633736,33.34005060172291,0.0,0.0,4.783333333333361
3450.0,5.0,2.95688037934179,33.35537022096389,0.0,0.0,4.7916666666666945
3456.0,5.0,2.948216286027644,33.370918006265754,0.0,0.0,4.800000000000028
3462.0,5.0,2.9391977008594967,33.38695012627892,0.0,0.0,4.808333333333362
3468.0,5.0,2.9297976245875654,33.40322692795894,0.0,0.0,4.816666666666696
3474.0,5.0,2.9199884451268625,33.41975322323282,0.0,0.0,4.8250000000000295
3480.0,5.0,2.9097413082703474,33.43653382402766,0.0,0.0,4.833333333333363
3486.0,5.0,2.899026030064312,33.45357354227025,0.0,0.0,4.841666666666697
3492.0,5.0,2.8878110031651096,33.470877189887915,0.0,0.0,4.850000000000031
3498.0,5.0,2.876063097108149,33.48844957880743,0.0,0.0,4.8583333333333645
3504.0,5.0,2.863747552362117,33.506295520955916,0.0,0.0,4.866666666666698
3510.0,5.0,2.850827867983363,33.52441982826042,0.0,0.0,4.875000000000032
3516.0,5.0,2.8372656826286873,33.54282731264789,0.0,0.0,4.883333333333366
3522.0,5.0,2.8230206486268146,33.56152278604537,0.0,0.0,4.8916666666666995
3528.0,5.0,2.8080502987511506,33.58051106037988,0.0,0.0,4.900000000000033
3534.0,5.0,2.7923099052759217,33.59979694757851,0.0,0.0,4.908333333333367
3540.0,5.0,2.775752330834928,33.61938525956816,0.0,0.0,4.916666666666701
3546.0,5.0,2.7583278705344543,33.639280808275885,0.0,0.0,4.9250000000000345
3552.0,5.0,2.7399840846983334,33.65948840562879,0.0,0.0,4.933333333333368
3558.0,5.0,2.7206656215406486,33.68001286355377,0.0,0.0,4.941666666666702
3564.0,5.0,2.70031402896819,33.70085899397793,0.0,0.0,4.950000000000036
3570.0,5.0,2.6788684279300203,33.722417085451525,0.0,0.0,4.9583333333333695
3576.0,5.0,2.6562629472844748,33.74442426473843,0.0,0.0,4.966666666666703
3582.0,5.0,2.632428218255119,33.76672493063171,0.0,0.0,4.975000000000037
3588.0,5.0,2.6072913793224552,33.78937945379312,0.0,0.0,4.983333333333371
3594.0,5.0,2.5807757314456095,33.812626082019506,0.0,0.0,4.991666666666704
3600.0,5.0,2.5527991724124557,33.83631328675415,0.0,0.0,5.000000000000038
3606.0,5.0,2.5232751249079026,33.86044106799699,0.0,0.0,5.008333333333372
3610.5098042847335,5.0,2.500010021158592,33.87889054827133,0.0,0.0,5.014596950395502
